S/N,Questions,Answers
1,Where is Bells University of Technology?,"Bells University of Technology is located at Km. 8 Idiroko Rd, Benja village, Ota 112104, Ogun State."
2,"What programs and majors are offered, and are they accredited?","Bells University of Technology offers a wide range of programs and majors, including Accounting, Applied Mathematics with Statistics, Architecture, Banking & Finance, Biochemistry, Biomedical Engineering, Biotechnology, Building Technology, Business Administration, Civil Engineering, Communication Technology, Computer Engineering, Computer Science, Economics, Electrical/Electronics Engineering, Estate Management, Food Science and Technology, Home Economics, Industrial Chemistry, Information Technology, Management Technology, Mechanical Engineering, Mechatronics Engineering, Microbiology, Nutrition & Dietetics, Physics with Electronics, Quantity Surveying, Surveying & Geoinformatics, Telecommunication Engineering, and Urban & Regional Planning. Yes, these programs are accredited."
,,
3,What are the university's admission requirements and deadline?,"To apply for admission at Bells University of Technology, you need to have taken the Unified Tertiary Matriculation Examination (UTME) for the current year or obtained the UTME Direct Entry Form if applicable. For undergraduate programs, you should have at least five Oâ€™ Level Credit passes in subjects relevant to your chosen course, including English Language and Mathematics. If you're awaiting results, you can still apply, but make sure the results will be available by September/October of the current year. Note that some programs in the Colleges of Engineering and Environmental Sciences are not listed in the UTME Admission Brochure. If you're interested in these programs, please contact us to obtain the Bells University of Technology Post-UTME application form. For more information, you can call us at (+234) 703-318-0831."
4,What kind of campus resources are available?,"At Bells University of Technology, we offer various campus resources to support your academic and personal needs. These include the Central Research Laboratory, where you can conduct experiments and research projects, the ICT Resources Centre for accessing digital resources and support, libraries stocked with books and study materials, and recreational and sports facilities for leisure and physical activities."
5,What are the university's strengths and specialization?,"Bells University of Technology prides itself on its vibrant academic environment, fueled by diversity and a dedication to providing top-notch education. Our main focus is on academic excellence, attracting the best students and faculty who value collaboration, innovation, and quality education across various fields. Students at Bellstech benefit from being part of one of Africa's leading institutions for higher education. Both inside and outside the classroom, there are abundant learning opportunities, catering to curious minds eager to make a difference in the world. Our academic offerings cover a wide range of disciplines within the global context of the 21st century. Our student body represents diverse African cultures and backgrounds, each contributing unique perspectives to our intellectual community. While our programs vary, they all share a common emphasis on high achievement and addressing global challenges through interdisciplinary approaches. At the core of our academic philosophy is the integration of science and technology, enabling us to explore interconnected ideas and solutions to complex problems."
,,
6,"Hello, Who are you?","Hi there! I'm Brix, the virtual assistant of Bells University of Technology. I'm here to help you with any questions you have about the university, from admissions and academics to campus resources and more. Feel free to ask me anything you need assistance with!"
7,What are the dress codes allowed in the school?,"At Bells University of Technology, we have specific dress codes to maintain a professional and respectful atmosphere on campus. For male students, clean shirts and trousers with a knotted tie are required, and sagging is not allowed. Decent jeans without patches or obscene drawings are permitted. Face caps or berets are not allowed in lecture rooms. Shoes and sandals with straps are allowed, but not bathroom slippers. Smart native wears are permitted on Fridays. Garish colors and barefootedness are not allowed, and certain accessories like muscle tops, earrings, and necklaces are prohibited. For female students, skirts must cover the knees, and transparent or tight-fitting clothing is not allowed. Low-cut dresses and attire that doesn't fully cover the shoulders and armpits are also prohibited. Smart native wears are allowed on Fridays. Excessive makeup, colored nail polish, and artificial nails are discouraged. Braided hair should be moderate in length and match the natural."
